country_name,region_name,city_name,Longitude,latitude,city_id
Nigeria,Abia State,Aba North,7.394787707670602,5.0938628,2.0001
Nigeria,Abia State,Aba South,7.349713517654941,5.08765915,2.0002000000000004
Nigeria,Abia State,Arochukwu,7.9064915,5.3876203,2.0003000000000006
Nigeria,Abia State,Bende,7.6326656,5.559261,2.000400000000001
Nigeria,Abia State,Ikwuano,7.572991607658478,5.40927745,2.000500000000001
Nigeria,Abia State,Isiala-Ngwa North,7.442293067171033,5.2795472,2.0006000000000013
Nigeria,Abia State,Isiala-Ngwa South,7.416350925,5.385552199999999,2.0007000000000015
Nigeria,Abia State,Isuikwuato,7.5026511,5.7364821,2.0008000000000017
Nigeria,Abia State,Ohafia,7.832488645403231,5.6629147500000006,2.000900000000002
Nigeria,Abia State,Osisioma Ngwa,7.335839868561562,5.19249225,2.001000000000002
Nigeria,Abia State,Ugwunagbo,7.355465552118695,5.0223493999999995,2.0011000000000023
Nigeria,Abia State,Ukwa East,7.402802303197825,4.9369271,2.0012000000000025
Nigeria,Abia State,Ukwa West,7.264681212658806,4.9791653,2.0013000000000027
Nigeria,Abia State,Umu-Nneochi,7.405340265424122,5.9731936,2.001400000000003
Nigeria,Abia State,Umuahia North,7.476200272801194,5.607821449999999,2.001500000000003
Nigeria,Abia State,Umuahia South,7.461841209875134,5.498079300000001,2.0016000000000034
Nigeria,Adamawa,Demsa,12.08752172995121,9.422218149999999,2.0001
Nigeria,Adamawa,Fufore,12.6503862,9.2211149,2.0002000000000004
Nigeria,Adamawa,Ganye,12.0672152,8.4334477,2.0003000000000006
Nigeria,Adamawa,Girei,12.5451205,9.3627979,2.000400000000001
Nigeria,Adamawa,Gombi,12.7368785,10.1660843,2.000500000000001
Nigeria,Adamawa,Guyuk,11.9337812,9.909171,2.0006000000000013
Nigeria,Adamawa,Hong,12.94792540302047,10.262294749999999,2.0007000000000015
Nigeria,Adamawa,Jada,12.1546554,8.7571276,2.0008000000000017
Nigeria,Adamawa,Larmurde,11.70366471770096,9.557805550000001,2.000900000000002
Nigeria,Adamawa,Madagali,13.488551266407342,10.786603,2.001000000000002
Nigeria,Adamawa,Maiha,13.1836033,10.0619115,2.0011000000000023
Nigeria,Adamawa,Mayo-Belwa,12.020226810083912,8.871243,2.0012000000000025
Nigeria,Adamawa,Michika,13.3887796,10.6204894,2.0013000000000027
Nigeria,Adamawa,Mubi North,13.321450130328785,10.2801221,2.001400000000003
Nigeria,Adamawa,Mubi South,13.328497909670821,10.148035,2.001500000000003
Nigeria,Adamawa,Numan,12.0359283,9.4598443,2.0016000000000034
Nigeria,Adamawa,Shelleng,12.10808912025199,9.9784484,2.0017000000000036
Nigeria,Adamawa,Song,12.5853109,9.7700491,2.001800000000004
Nigeria,Adamawa,Teungo,11.891123982321457,7.8695991,2.001900000000004
Nigeria,Adamawa,Yola North,12.251131996050141,9.26628495,2.002000000000004
Nigeria,Adamawa,Yola South,12.408212476465668,9.2581806,2.0021000000000044
Nigeria,Akwa Ibom State,Abak,7.795666795599514,5.004073099999999,2.0001
Nigeria,Akwa Ibom State,Eastern Obolo,7.682723334359615,4.5130764,2.0002000000000004
Nigeria,Akwa Ibom State,Eket,7.957541614633177,4.6360066,2.0003000000000006
Nigeria,Akwa Ibom State,Esit Eket,8.075903467172743,4.64273405,2.000400000000001
Nigeria,Akwa Ibom State,Essien Udim,7.6567272806092,5.1035626,2.000500000000001
Nigeria,Akwa Ibom State,Etim Ekpo,7.573844611841997,4.954823,2.0006000000000013
Nigeria,Akwa Ibom State,Etinan,7.843149923536664,4.8457415,2.0007000000000015
Nigeria,Akwa Ibom State,Ibeno,8.108555125919988,4.5580121,2.0008000000000017
Nigeria,Akwa Ibom State,Ibesikpo Asutan,7.964799070155389,4.9179451499999995,2.000900000000002
Nigeria,Akwa Ibom State,Ibiono Ibom,7.897450604600483,5.2040105,2.001000000000002
Nigeria,Akwa Ibom State,Ika,7.5426190019120956,5.0161686,2.0011000000000023
Nigeria,Akwa Ibom State,Ikono,7.790899593684118,5.18323465,2.0012000000000025
Nigeria,Akwa Ibom State,Ikot Abasi,7.634969399377504,4.60783505,2.0013000000000027
Nigeria,Akwa Ibom State,Ikot Ekpene,7.7132177,5.181975,2.001400000000003
Nigeria,Akwa Ibom State,Ini,7.75151857782899,5.403971650000001,2.001500000000003
Nigeria,Akwa Ibom State,Itu,8.001036510012643,5.1444471,2.0016000000000034
Nigeria,Akwa Ibom State,Mbo,8.249397606336037,4.6506469,2.0017000000000036
Nigeria,Akwa Ibom State,Mkpat Enin,7.7486073,4.733853,2.001800000000004
Nigeria,Akwa Ibom State,Nsit Atai,8.013983047476689,4.8185556,2.001900000000004
Nigeria,Akwa Ibom State,Nsit Ibom,7.896614017212878,4.90363455,2.002000000000004
Nigeria,Akwa Ibom State,Nsit Ubium,7.948723551688754,4.7597313,2.0021000000000044
Nigeria,Akwa Ibom State,Obot Akara,7.60069573223162,5.24345495,2.0022000000000046
Nigeria,Akwa Ibom State,Okobo,8.123968138524376,4.8136649,2.002300000000005
Nigeria,Akwa Ibom State,Onna,7.8723706795971164,4.63675835,2.002400000000005
Nigeria,Akwa Ibom State,Oron,8.2369999,4.8169432,2.0025000000000053
Nigeria,Akwa Ibom State,Oruk Anam,7.650814706357024,4.82023505,2.0026000000000055
Nigeria,Akwa Ibom State,Udung Uko,8.2441029,4.7596957,2.0027000000000057
Nigeria,Akwa Ibom State,Ukanafun,7.605502805573577,4.9038458,2.002800000000006
Nigeria,Akwa Ibom State,Uruan,8.074886973470624,5.0034754,2.002900000000006
Nigeria,Akwa Ibom State,Urue Offong/Oruko,8.16880139056803,4.722390900000001,2.0030000000000063
Nigeria,Akwa Ibom State,Uyo,7.924791,5.0322447,2.0031000000000065
Nigeria,Anambra,Aguata,7.0916316,6.01397,2.0001
Nigeria,Anambra,Anambra East,6.7968582,6.2527902,2.0002000000000004
Nigeria,Anambra,Anambra West,6.9352936,6.628651,2.0003000000000006
Nigeria,Anambra,Anaocha,7.021171370313768,6.0922999,2.000400000000001
Nigeria,Anambra,Awka North,7.058343655240461,6.34178755,2.000500000000001
Nigeria,Anambra,Awka South,7.0943469415059655,6.19405605,2.0006000000000013
Nigeria,Anambra,Ayamelum,6.8672755,6.4272585,2.0007000000000015
Nigeria,Anambra,Dunukofia,6.9780011462764495,6.2738049,2.0008000000000017
Nigeria,Anambra,Ekwusigo,6.840200353859071,5.9883647,2.000900000000002
Nigeria,Anambra,Idemili North,6.885697107849618,6.13714625,2.001000000000002
Nigeria,Anambra,Idemili South,6.833237248297729,6.0722537,2.0011000000000023
Nigeria,Anambra,Ihiala,6.8601091,5.8552964,2.0012000000000025
Nigeria,Anambra,Njikoka,6.993784205355688,6.1892624,2.0013000000000027
Nigeria,Anambra,Nnewi North,6.91201584625799,6.0062320499999995,2.001400000000003
Nigeria,Anambra,Nnewi South,6.9807065781309365,5.9604744499999995,2.001500000000003
Nigeria,Anambra,Ogbaru,6.76099690724087,5.9212864,2.0016000000000034
Nigeria,Anambra,Onitsha North,6.802854813426453,6.1506953499999995,2.0017000000000036
Nigeria,Anambra,Onitsha South,6.773247019073018,6.13936475,2.001800000000004
Nigeria,Anambra,Orumba North,7.162569595915986,6.113402150000001,2.001900000000004
Nigeria,Anambra,Orumba South,7.204919877906828,5.989224849999999,2.002000000000004
Nigeria,Anambra,Oyi,6.9073480096803745,6.23959565,2.0021000000000044
Nigeria,Bauchi,Alkaleri,10.430836589611221,9.89681595,2.0001
Nigeria,Bauchi,Bauchi,9.8454417,10.3147618,2.0002000000000004
Nigeria,Bauchi,Bogoro,9.620027211743103,9.6369083,2.0003000000000006
Nigeria,Bauchi,Damban,10.766686785344458,11.61760605,2.000400000000001
Nigeria,Bauchi,Darazo,10.556201653796672,11.11887545,2.000500000000001
Nigeria,Bauchi,Dass,9.471820252261256,10.011407949999999,2.0006000000000013
Nigeria,Bauchi,Gamawa,10.5372515,12.1336358,2.0007000000000015
Nigeria,Bauchi,Ganjuwa,10.168795,10.859426,2.0008000000000017
Nigeria,Bauchi,Giade,10.23468981718198,11.416582649999999,2.000900000000002
Nigeria,Bauchi,Itas/Gadau,10.044534902521644,11.87706395,2.001000000000002
Nigeria,Bauchi,Jama'Are,9.9313943,11.6667127,2.0011000000000023
Nigeria,Bauchi,Katagum,10.34641784281325,12.288477799999999,2.0012000000000025
Nigeria,Bauchi,Kirfi,10.543492392752844,10.42547115,2.0013000000000027
Nigeria,Bauchi,Misau,10.4703,11.3163,2.001400000000003
Nigeria,Bauchi,Ningi,9.5689107,11.0753041,2.001500000000003
Nigeria,Bauchi,Shira,10.088268546870347,11.4764897,2.0016000000000034
Nigeria,Bauchi,Tafawa-Balewa,9.5535375,9.7605154,2.0017000000000036
Nigeria,Bauchi,Toro,9.0677127,10.0550723,2.001800000000004
Nigeria,Bauchi,Warji,9.75,11.183333,2.001900000000004
Nigeria,Bauchi,Zaki,10.24482061512251,12.18746605,2.002000000000004
Nigeria,Bayelsa State,Brass,6.4818844927311074,4.5121961,2.0001
Nigeria,Bayelsa State,Ekeremor,5.779913,5.0552033,2.0002000000000004
Nigeria,Bayelsa State,Kolokuma/Opokuma,6.246108441457386,5.06637585,2.0003000000000006
Nigeria,Bayelsa State,Nembe,6.4019739,4.535746,2.000400000000001
Nigeria,Bayelsa State,Ogbia,6.3166058,4.6868354,2.000500000000001
Nigeria,Bayelsa State,Sagbama,6.1947752,5.1557461,2.0006000000000013
Nigeria,Bayelsa State,Southern Ijaw,5.876791333931289,4.71321975,2.0007000000000015
Nigeria,Bayelsa State,Yenegoa,6.2747786,4.9334651,2.0008000000000017
Nigeria,Benue State,Ado,8.061362696739234,6.780125849999999,2.0001
Nigeria,Benue State,Agatu,7.879691587275744,7.87317565,2.0002000000000004
Nigeria,Benue State,Apa,7.8852036340193585,7.600634100000001,2.0003000000000006
Nigeria,Benue State,Gboko,8.871322377025628,7.37784815,2.000400000000001
Nigeria,Benue State,Guma,8.828653716146246,7.8682914,2.000500000000001
Nigeria,Benue State,Gwer East,8.35274251749189,7.378216999999999,2.0006000000000013
Nigeria,Benue State,Gwer West,8.206342041492976,7.62104465,2.0007000000000015
Nigeria,Benue State,Katsina-Ala,9.283333,7.166667,2.0008000000000017
Nigeria,Benue State,Konshisha,8.618047290964688,7.1204698,2.000900000000002
Nigeria,Benue State,Kwande,9.399803497845813,6.8549397,2.001000000000002
Nigeria,Benue State,Logo,9.207467574683378,7.66717125,2.0011000000000023
Nigeria,Benue State,Markurdi,8.538425,7.7312634,2.0012000000000025
Nigeria,Benue State,Obi,8.30383794000037,7.04398035,2.0013000000000027
Nigeria,Benue State,Ogbadibo,7.645656879745118,7.00883295,2.001400000000003
Nigeria,Benue State,Ohimini,7.95726724779183,7.25025535,2.001500000000003
Nigeria,Benue State,Oju,8.421855,6.8709368,2.0016000000000034
Nigeria,Benue State,Okpokwu,7.910100235718337,7.045375849999999,2.0017000000000036
Nigeria,Benue State,Oturkpo,8.1328576,7.1912599,2.001800000000004
Nigeria,Benue State,Tarka,8.823735009461853,7.61490515,2.001900000000004
Nigeria,Benue State,Ukum,9.60592333685921,7.607726550000001,2.002000000000004
Nigeria,Benue State,Ushongo,9.097223976623711,7.1040665999999995,2.0021000000000044
Nigeria,Benue State,Vandeikya,9.045834371061535,6.833444350000001,2.0022000000000046
Nigeria,Borno State,Abadam,13.2663518,13.617475,2.0001
Nigeria,Borno State,Askira-Uba,13.156518868461916,10.72515255,2.0002000000000004
Nigeria,Borno State,Bama,14.0064277,11.54544,2.0003000000000006
Nigeria,Borno State,Bayo,11.6827984,10.452489,2.000400000000001
Nigeria,Borno State,Biu,12.1909612,10.6146098,2.000500000000001
Nigeria,Borno State,Chibok,12.8480309,10.8690461,2.0006000000000013
Nigeria,Borno State,Damboa,12.7595826,11.1506644,2.0007000000000015
Nigeria,Borno State,Dikwa,13.9187003,12.0348805,2.0008000000000017
Nigeria,Borno State,Gubio,12.7821926,12.4978949,2.000900000000002
Nigeria,Borno State,Guzamala,13.250896927021696,12.864006499999999,2.001000000000002
Nigeria,Borno State,Gwoza,13.6941974,11.0831008,2.0011000000000023
Nigeria,Borno State,Hawul,12.307770259271482,10.4545467,2.0012000000000025
Nigeria,Borno State,Jere,13.181670342190419,11.93607445,2.0013000000000027
Nigeria,Borno State,Kaga,13.9114298,12.150916,2.001400000000003
Nigeria,Borno State,Kala-Balge,14.4671621,12.0826402,2.001500000000003
Nigeria,Borno State,Konduga,13.41006033782285,11.68179215,2.0016000000000034
Nigeria,Borno State,Kukawa,13.626991444489535,12.92146475,2.0017000000000036
Nigeria,Borno State,Kwaya Kusar,11.848337192639754,10.56220565,2.001800000000004
Nigeria,Borno State,Mafa,13.571639595748339,11.949381599999999,2.001900000000004
Nigeria,Borno State,Magumeri,12.774424928735748,12.0780512,2.002000000000004
Nigeria,Borno State,Maiduguri,13.1536214,11.8395375,2.0021000000000044
Nigeria,Borno State,Marte,13.830184,12.365027,2.0022000000000046
Nigeria,Borno State,Mobbar,12.67769691340996,13.066903499999999,2.002300000000005
Nigeria,Borno State,Monguno,13.534786705264894,12.6962838,2.002400000000005
Nigeria,Borno State,Ngala,14.1867246,12.3402064,2.0025000000000053
Nigeria,Borno State,Nganzai,13.125241114358442,12.449344450000002,2.0026000000000055
Nigeria,Borno State,Shani,11.9796686,10.151198,2.0027000000000057
Nigeria,Cross River State,Abi,8.032871142441985,5.88668345,2.0001
Nigeria,Cross River State,Akamkpa,8.544655607884728,5.38964605,2.0002000000000004
Nigeria,Cross River State,Akpabuyo,8.480388103512073,4.89563435,2.0003000000000006
Nigeria,Cross River State,Bekwarra,8.89437370930537,6.7068095,2.000400000000001
Nigeria,Cross River State,Biase,8.052026653081514,5.547368049999999,2.000500000000001
Nigeria,Cross River State,Boki,9.02908406588377,6.26803565,2.0006000000000013
Nigeria,Cross River State,Calabar Municipal,8.346658001516946,5.0153885,2.0007000000000015
Nigeria,Cross River State,Calabar South,8.320731524615253,4.8527024999999995,2.0008000000000017
Nigeria,Cross River State,Etung,8.807615309080273,5.8739933,2.000900000000002
Nigeria,Cross River State,Ikom,8.7239694,5.962765,2.001000000000002
Nigeria,Cross River State,Obanliku,9.2946333825018,6.4864846,2.0011000000000023
Nigeria,Cross River State,Obubra,8.334853,6.0684687,2.0012000000000025
Nigeria,Cross River State,Obudu,9.1684558,6.6682429,2.0013000000000027
Nigeria,Cross River State,Odukpani,8.3392412,5.1318931,2.001400000000003
Nigeria,Cross River State,Ogoja,8.8018459,6.6575336,2.001500000000003
Nigeria,Cross River State,Yakurr,8.177905748477649,5.8176086,2.0016000000000034
Nigeria,Cross River State,Yala,8.495931006643174,6.58959245,2.0017000000000036
Nigeria,Delta,Aniocha North,6.470280438186837,6.36799405,2.0001
Nigeria,Delta,Aniocha South,6.477390127053598,6.1419725,2.0002000000000004
Nigeria,Delta,Bomadi,5.923544,5.1585943,2.0003000000000006
Nigeria,Delta,Burutu,5.5079208,5.3522824,2.000400000000001
Nigeria,Delta,Ethiope East,5.972129657996909,5.6672926,2.000500000000001
Nigeria,Delta,Ethiope West,5.7758592177283745,5.9113228499999995,2.0006000000000013
Nigeria,Delta,Ika North East,6.320776988087539,6.2361939,2.0007000000000015
Nigeria,Delta,Ika South,6.138080871147166,6.1849053000000005,2.0008000000000017
Nigeria,Delta,Isoko North,6.130870491268007,5.52134205,2.000900000000002
Nigeria,Delta,Isoko South,6.211049621044424,5.3895204,2.001000000000002
Nigeria,Delta,Ndokwa East,6.496140761353628,5.6582752,2.0011000000000023
Nigeria,Delta,Ndokwa West,6.416355059643836,5.8260994,2.0012000000000025
Nigeria,Delta,Okpe,5.75187931671686,5.7004104,2.0013000000000027
Nigeria,Delta,Oshimili North,6.64777291488069,6.30333,2.001400000000003
Nigeria,Delta,Oshimili South,6.730733427256107,6.1303620500000005,2.001500000000003
Nigeria,Delta,Patani,6.1921572,5.2281298,2.0016000000000034
Nigeria,Delta,Sapele,5.660127976472991,5.83156395,2.0017000000000036
Nigeria,Delta,Udu,5.821686039389325,5.47735195,2.001800000000004
Nigeria,Delta,Ughelli North,6.01752592725169,5.486883649999999,2.001900000000004
Nigeria,Delta,Ughelli South,5.967778669073083,5.360209449999999,2.002000000000004
Nigeria,Delta,Ukwuani,6.252058277544972,5.8494399999999995,2.0021000000000044
Nigeria,Delta,Uvwie,5.793784028700437,5.56435905,2.0022000000000046
Nigeria,Delta,Warri North,5.134861808677374,5.92353055,2.002300000000005
Nigeria,Delta,Warri South,5.6514533,5.626158,2.002400000000005
Nigeria,Delta,Warri South-West,5.323033095030304,5.60422775,2.0025000000000053
Nigeria,Ebonyi State,Abakaliki,8.1133202,6.3208897,2.0001
Nigeria,Ebonyi State,Afikpo North,7.918471197664151,5.8602469500000005,2.0002000000000004
Nigeria,Ebonyi State,Afikpo South,7.783914192743355,5.8274591000000004,2.0003000000000006
Nigeria,Ebonyi State,Ebonyi,8.133139120996997,6.5335734,2.000400000000001
Nigeria,Ebonyi State,Ezza North,7.98352256784563,6.2590742,2.000500000000001
Nigeria,Ebonyi State,Ezza South,8.021690955000397,6.1269331000000005,2.0006000000000013
Nigeria,Ebonyi State,Ikwo,8.1028,6.0716,2.0007000000000015
Nigeria,Ebonyi State,Ishielu,7.844114881037367,6.4270885,2.0008000000000017
Nigeria,Ebonyi State,Ivo,7.637394973252905,5.9093492,2.000900000000002
Nigeria,Ebonyi State,Izzi,8.271863275150157,6.552373449999999,2.001000000000002
Nigeria,Ebonyi State,Ohaozara,7.793850098935701,6.00455525,2.0011000000000023
Nigeria,Ebonyi State,Ohaukwu,8.010848072925828,6.52403735,2.0012000000000025
Nigeria,Ebonyi State,Onicha,7.8348576,6.1162455,2.0013000000000027
Nigeria,Edo,Akoko-Edo,6.125235110308745,7.352393599999999,2.0001
Nigeria,Edo,Egor,5.5697908,6.3811156,2.0002000000000004
Nigeria,Edo,Esan Central,6.207925867430832,6.7047055,2.0003000000000006
Nigeria,Edo,Esan North-East,6.433488407005409,6.7867315,2.000400000000001
Nigeria,Edo,Esan South-East,6.486083843005495,6.576807049999999,2.000500000000001
Nigeria,Edo,Esan West,6.13966245006791,6.65464905,2.0006000000000013
Nigeria,Edo,Etsako Central,6.515776051138975,6.978096,2.0007000000000015
Nigeria,Edo,Etsako East,6.516912285629234,7.1872207,2.0008000000000017
Nigeria,Edo,Etsako West,6.301801401207017,6.996928199999999,2.000900000000002
Nigeria,Edo,Iguegben,6.242374251089831,6.5091996000000005,2.001000000000002
Nigeria,Edo,Ikpoba-Okha,5.662246701746319,6.199765449999999,2.0011000000000023
Nigeria,Edo,Oredo,5.561790183209288,6.229763050000001,2.0012000000000025
Nigeria,Edo,Orhionmwon,5.948360079068117,6.0884175,2.0013000000000027
Nigeria,Edo,Ovia North-East,5.502826307782771,6.3963337,2.001400000000003
Nigeria,Edo,Ovia South-West,5.299159132565771,6.47095345,2.001500000000003
Nigeria,Edo,Owan East,6.105629730319855,7.030605550000001,2.0016000000000034
Nigeria,Edo,Owan West,5.8934671742557025,6.92744635,2.0017000000000036
Nigeria,Edo,Uhunmwonde,5.900073206903087,6.52593615,2.001800000000004
Nigeria,Ekiti State,Ado-Ekiti,5.22274,7.6232482,2.0001
Nigeria,Ekiti State,Efon,4.934886763006355,7.68364815,2.0002000000000004
Nigeria,Ekiti State,Ekiti East,5.659776705090287,7.72080945,2.0003000000000006
Nigeria,Ekiti State,Ekiti South-West,5.033357944837451,7.52346375,2.000400000000001
Nigeria,Ekiti State,Ekiti West,5.034239031290989,7.7210934,2.000500000000001
Nigeria,Ekiti State,Emure,5.459322,7.436137,2.0006000000000013
Nigeria,Ekiti State,Gbonyin,5.502384054210898,7.6176543500000005,2.0007000000000015
Nigeria,Ekiti State,Ido-Osi,5.196943466283316,7.86334825,2.0008000000000017
Nigeria,Ekiti State,Ijero,5.058355303718265,7.831735849999999,2.000900000000002
Nigeria,Ekiti State,Ikere,5.232248,7.491328,2.001000000000002
Nigeria,Ekiti State,Ikole,5.5050471,7.7888484,2.0011000000000023
Nigeria,Ekiti State,Ilejemeje,5.230613473129341,7.96015315,2.0012000000000025
Nigeria,Ekiti State,Irepodun/Ifelodun,5.2644601866019975,7.70622395,2.0013000000000027
Nigeria,Ekiti State,Ise/Orun,5.384951048253926,7.4205606,2.001400000000003
Nigeria,Ekiti State,Moba,5.131157961258554,7.99288365,2.001500000000003
Nigeria,Ekiti State,Oye,5.337534402902156,7.88053585,2.0016000000000034
Nigeria,Enugu State,Aninri,7.597108458884581,6.0679259000000005,2.0001
Nigeria,Enugu State,Awgu,7.477742,6.0722225,2.0002000000000004
Nigeria,Enugu State,Enugu East,7.556835903397333,6.548344500000001,2.0003000000000006
Nigeria,Enugu State,Enugu North,7.538320722978639,6.44107845,2.000400000000001
Nigeria,Enugu State,Enugu South,7.514390368282138,6.4001342999999995,2.000500000000001
Nigeria,Enugu State,Ezeagu,7.237960116169273,6.41705535,2.0006000000000013
Nigeria,Enugu State,Igbo-Etiti,7.405926584253853,6.6889069,2.0007000000000015
Nigeria,Enugu State,Igbo-Eze-North,7.459485291146693,7.004796750000001,2.0008000000000017
Nigeria,Enugu State,Igbo-Eze-South,7.349986631250698,6.9519151,2.000900000000002
Nigeria,Enugu State,Isi-Uzo,7.680936693306513,6.741861800000001,2.001000000000002
Nigeria,Enugu State,Nkanu East,7.6610906163598065,6.3371067,2.0011000000000023
Nigeria,Enugu State,Nkanu West,7.520835130944854,6.3215568,2.0012000000000025
Nigeria,Enugu State,Nsukka,7.3927,6.8561,2.0013000000000027
Nigeria,Enugu State,Oji-River,7.303022878249402,6.165493250000001,2.001400000000003
Nigeria,Enugu State,Udenu,7.560805075519086,6.89582755,2.001500000000003
Nigeria,Enugu State,Udi,7.397846,6.3227337,2.0016000000000034
Nigeria,Enugu State,Uzo-Uwani,7.162330771688465,6.68966435,2.0017000000000036
Nigeria,FCT,Abaji,6.9440179,8.4737831,2.0001
Nigeria,FCT,Bwari,7.3821688,9.2798754,2.0002000000000004
Nigeria,FCT,Gwagwalada,7.0859144,8.9360261,2.0003000000000006
Nigeria,FCT,Kuje,7.2272022,8.8796312,2.000400000000001
Nigeria,FCT,Kwali,6.955486391908082,8.7173886,2.000500000000001
Nigeria,FCT,Municipal Area Council,7.393632213379185,8.89778425,2.0006000000000013
Nigeria,Gombe State,Akko,10.973204,10.288991,2.0001
Nigeria,Gombe State,Balanga,11.5583606,9.9704812,2.0002000000000004
Nigeria,Gombe State,Billiri,11.141875886913159,9.8350997,2.0003000000000006
Nigeria,Gombe State,Dukku,10.772213,10.8237957,2.000400000000001
Nigeria,Gombe State,Funakaye,11.444681215995438,10.85419905,2.000500000000001
Nigeria,Gombe State,Gombe,11.16297712124402,10.28221605,2.0006000000000013
Nigeria,Gombe State,Kaltungo,11.3118502,9.8197489,2.0007000000000015
Nigeria,Gombe State,Kwami,11.227419583688036,10.49187565,2.0008000000000017
Nigeria,Gombe State,Nafada,11.255126126709488,11.05056365,2.000900000000002
Nigeria,Gombe State,Yamaltu/Deba,11.373215278351738,10.307170750000001,2.001000000000002
Nigeria,Imo State,Aboh-Mbaise,7.260670204366807,5.4188933,2.0001
Nigeria,Imo State,Ahiazu-Mbaise,7.263626847762457,5.5631995,2.0002000000000004
Nigeria,Imo State,Ehime -Mbano,7.300181361809889,5.6882541,2.0003000000000006
Nigeria,Imo State,Ezinihitte,7.322460107520685,5.4732246,2.000400000000001
Nigeria,Imo State,Ideato North,7.1358231552650855,5.8611507,2.000500000000001
Nigeria,Imo State,Ideato South,7.138923109844448,5.8053246000000005,2.0006000000000013
Nigeria,Imo State,Ihitte/Uboma,7.381495792349654,5.6492083,2.0007000000000015
Nigeria,Imo State,Ikeduru,7.148927127483982,5.5596812,2.0008000000000017
Nigeria,Imo State,Isiala Mbano,7.196353758503406,5.68468955,2.000900000000002
Nigeria,Imo State,Isu,7.056131289560314,5.6868982500000005,2.001000000000002
Nigeria,Imo State,Mbatoli,7.0191523268949565,5.59354735,2.0011000000000023
Nigeria,Imo State,Ngor-Okpala,7.157503381166101,5.3274231,2.0012000000000025
Nigeria,Imo State,Njaba,7.00213193492228,5.70549515,2.0013000000000027
Nigeria,Imo State,Nkwerre,7.099426682955977,5.7442951,2.001400000000003
Nigeria,Imo State,Nwangele,7.119574125421648,5.7111706,2.001500000000003
Nigeria,Imo State,Obowo,7.360563717064813,5.5585649,2.0016000000000034
Nigeria,Imo State,Oguta,6.778382444173406,5.65946435,2.0017000000000036
Nigeria,Imo State,Ohaji/Egbema,6.838826088324313,5.4234836,2.001800000000004
Nigeria,Imo State,Okigwe,7.319829879090532,5.822709100000001,2.001900000000004
Nigeria,Imo State,Orlu,7.0409322202359785,5.8179105,2.002000000000004
Nigeria,Imo State,Orsu,6.982806157947056,5.84942675,2.0021000000000044
Nigeria,Imo State,Oru East,6.947875477635026,5.72748475,2.0022000000000046
Nigeria,Imo State,Oru West,6.9107675264366915,5.7544954,2.002300000000005
Nigeria,Imo State,Owerri Municipal,7.021982734009069,5.479900600000001,2.002400000000005
Nigeria,Imo State,Owerri North,7.107475476129818,5.432385699999999,2.0025000000000053
Nigeria,Imo State,Owerri West,6.9851183090486755,5.40682745,2.0026000000000055
Nigeria,Imo State,Unuimo,7.230264232987018,5.79648875,2.0027000000000057
Nigeria,Jigawa State,Auyo,9.93729235,12.335560749999999,2.0001
Nigeria,Jigawa State,Babura,9.0171918,12.7725464,2.0002000000000004
Nigeria,Jigawa State,Biriniwa,10.2348,12.7903,2.0003000000000006
Nigeria,Jigawa State,Birnin Kudu,9.466267712674227,11.437844049999999,2.000400000000001
Nigeria,Jigawa State,Buji,9.671435459593809,11.5121954,2.000500000000001
Nigeria,Jigawa State,Dutse,9.3390747,11.6909859,2.0006000000000013
Nigeria,Jigawa State,Gagarawa,9.5275,12.409167,2.0007000000000015
Nigeria,Jigawa State,Garki,9.202554960971627,12.414004049999999,2.0008000000000017
Nigeria,Jigawa State,Gumel,9.3893318,12.627768,2.000900000000002
Nigeria,Jigawa State,Guri,10.409233943085233,12.705938750000001,2.001000000000002
Nigeria,Jigawa State,Gwaram,9.885833,11.276389,2.0011000000000023
Nigeria,Jigawa State,Gwiwa,8.325192602862844,12.76944125,2.0012000000000025
Nigeria,Jigawa State,Hadejia,10.0418934,12.4526098,2.0013000000000027
Nigeria,Jigawa State,Jahun,9.588065851639504,12.095743299999999,2.001400000000003
Nigeria,Jigawa State,Kafin Hausa,9.913056,12.240556,2.001500000000003
Nigeria,Jigawa State,Kaugama,9.738729714669432,12.458244700000002,2.0016000000000034
Nigeria,Jigawa State,Kazaure,8.4148078,12.6538218,2.0017000000000036
Nigeria,Jigawa State,Kiri Kasama,10.2551,12.6932,2.001800000000004
Nigeria,Jigawa State,Kiyawa,9.624705088571414,11.79845345,2.001900000000004
Nigeria,Jigawa State,Maigatari,9.451389,12.807222,2.002000000000004
Nigeria,Jigawa State,Malam Maduri,9.8813867,12.5613836,2.0021000000000044
Nigeria,Jigawa State,Miga,9.7114006,12.2386199,2.0022000000000046
Nigeria,Jigawa State,Ringim,8.570941709130727,12.679414399999999,2.002300000000005
Nigeria,Jigawa State,Roni,8.273305398280968,12.6575409,2.002400000000005
Nigeria,Jigawa State,Sule Tankakar,9.175374528362445,12.62476765,2.0025000000000053
Nigeria,Jigawa State,Taura,9.36241882485775,12.2724893,2.0026000000000055
Nigeria,Jigawa State,Yankwashi,8.539973,12.742809,2.0027000000000057
Nigeria,Kaduna State,Birnin Gwari,6.543726,10.662429,2.0001
Nigeria,Kaduna State,Chikun,7.070674228379022,10.2420063,2.0002000000000004
Nigeria,Kaduna State,Giwa,7.438302686130255,11.29262035,2.0003000000000006
Nigeria,Kaduna State,Igabi,7.776152451398563,10.8315102,2.000400000000001
Nigeria,Kaduna State,Ikara,8.2231659,11.176471,2.000500000000001
Nigeria,Kaduna State,Jaba,8.012491652398126,9.4747461,2.0006000000000013
Nigeria,Kaduna State,Jema'A,8.252928350616807,9.4136358,2.0007000000000015
Nigeria,Kaduna State,Kachia,7.956506,9.8713601,2.0008000000000017
Nigeria,Kaduna State,Kaduna North,7.453055168284827,10.5539962,2.000900000000002
Nigeria,Kaduna State,Kaduna South,7.40216608021902,10.4984878,2.001000000000002
Nigeria,Kaduna State,Kagarko,7.6977654,9.4936526,2.0011000000000023
Nigeria,Kaduna State,Kajuru,7.68028690601505,10.331662999999999,2.0012000000000025
Nigeria,Kaduna State,Kaura,8.451618841990786,9.64241625,2.0013000000000027
Nigeria,Kaduna State,Kauru,8.182845371259415,10.35579885,2.001400000000003
Nigeria,Kaduna State,Kudan,7.746708526002585,11.331079299999999,2.001500000000003
Nigeria,Kaduna State,Lere,8.572617,10.386966,2.0016000000000034
Nigeria,Kaduna State,Makarfi,7.8781778128219235,11.3546595,2.0017000000000036
Nigeria,Kaduna State,Sabon Gari,7.7068114047212335,11.16656815,2.001800000000004
Nigeria,Kaduna State,Sanga,8.459390672268526,9.2458822,2.001900000000004
Nigeria,Kaduna State,Soba,8.0588025,10.9832503,2.002000000000004
Nigeria,Kaduna State,Zangon Kataf,8.258212780819786,9.89681685,2.0021000000000044
Nigeria,Kaduna State,Zaria,7.7188449,11.1134917,2.0022000000000046
Nigeria,Kano State,Ajingi,9.03665,11.9678,2.0001
Nigeria,Kano State,Albasu,9.14076,11.6739,2.0002000000000004
Nigeria,Kano State,Bagwai,8.1357,12.1577,2.0003000000000006
Nigeria,Kano State,Bebeji,8.244846984027742,11.68276125,2.000400000000001
Nigeria,Kano State,Bichi,8.19542142896692,12.220139849999999,2.000500000000001
Nigeria,Kano State,Bunkure,8.518871667414945,11.6789172,2.0006000000000013
Nigeria,Kano State,Dala,8.505168598184804,12.00909205,2.0007000000000015
Nigeria,Kano State,Dambatta,8.5150694,12.4339363,2.0008000000000017
Nigeria,Kano State,Dawakin Kudu,8.706588726528924,11.79747965,2.000900000000002
Nigeria,Kano State,Dawakin Tofa,8.36111612636891,12.142136,2.001000000000002
Nigeria,Kano State,Doguwa,8.58715,10.7332,2.0011000000000023
Nigeria,Kano State,Fagge,8.517419685338357,12.032223,2.0012000000000025
Nigeria,Kano State,Gabasawa,8.90869970554915,12.1704918,2.0013000000000027
Nigeria,Kano State,Garko,8.809807036343518,11.6515086,2.001400000000003
Nigeria,Kano State,Garum Mallam,8.401118334446846,11.6585436,2.001500000000003
Nigeria,Kano State,Gaya,9.026711262480958,11.818957099999999,2.0016000000000034
Nigeria,Kano State,Gezawa,8.756747806954735,12.12842285,2.0017000000000036
Nigeria,Kano State,Gwale,8.506324612466788,11.98522885,2.001800000000004
Nigeria,Kano State,Gwarzo,7.9338,11.9155,2.001900000000004
Nigeria,Kano State,Kabo,8.177501954080492,11.8556694,2.002000000000004
Nigeria,Kano State,Kano Municipal,8.526936464554032,11.983542100000001,2.0021000000000044
Nigeria,Kano State,Karaye,7.978801685195886,11.7608489,2.0022000000000046
Nigeria,Kano State,Kibiya,8.65941,11.5295,2.002300000000005
Nigeria,Kano State,Kiru,8.13475,11.7021,2.002400000000005
Nigeria,Kano State,Kumbotso,8.505475816294247,11.88889105,2.0025000000000053
Nigeria,Kano State,Kunchi,8.27056,12.5025,2.0026000000000055
Nigeria,Kano State,Kura,8.474385714057192,11.77914325,2.0027000000000057
Nigeria,Kano State,Madobi,8.285648879973095,11.768602000000001,2.002800000000006
Nigeria,Kano State,Makoda,8.412905024967234,12.41926845,2.002900000000006
Nigeria,Kano State,Minjibir,8.65866,12.1771,2.0030000000000063
Nigeria,Kano State,Nassarawa,8.33101,12.102,2.0031000000000065
Nigeria,Kano State,Rano,8.592915886356167,11.56352025,2.0032000000000068
Nigeria,Kano State,Rimin Gado,8.254443666024292,11.94988025,2.003300000000007
Nigeria,Kano State,Rogo,7.82421,11.5496,2.003400000000007
Nigeria,Kano State,Shanono,7.988561182289026,12.0484288,2.0035000000000074
Nigeria,Kano State,Sumaila,8.962154148665437,11.506619,2.0036000000000076
Nigeria,Kano State,Takai,9.090872837671247,11.56975825,2.003700000000008
Nigeria,Kano State,Tarauni,8.89929,12.1122,2.003800000000008
Nigeria,Kano State,Tofa,8.270448083586082,12.05471305,2.0039000000000082
Nigeria,Kano State,Tsanyawa,7.98561,12.295,2.0040000000000084
Nigeria,Kano State,Tudun Wada,8.552308674069149,12.0171822,2.0041000000000087
Nigeria,Kano State,Ungogo,8.49534,12.0916,2.004200000000009
Nigeria,Kano State,Warawa,8.73853,11.8748,2.004300000000009
Nigeria,Kano State,Wudil,8.84463,11.8089,2.0044000000000093
Nigeria,Katsina State,Bakori,7.407795563075952,11.67740625,2.0001
Nigeria,Katsina State,Batagarawa,7.6192109,12.9032052,2.0002000000000004
Nigeria,Katsina State,Batsari,7.242528808431086,12.756212900000001,2.0003000000000006
Nigeria,Katsina State,Baure,8.742363504540297,12.837513000000001,2.000400000000001
Nigeria,Katsina State,Bindawa,7.80418067438533,12.6626703,2.000500000000001
Nigeria,Katsina State,Charanchi,7.7319399,12.670863,2.0006000000000013
Nigeria,Katsina State,Dan Musa,7.3340908,12.2615684,2.0007000000000015
Nigeria,Katsina State,Dandume,7.222459472401029,11.4169922,2.0008000000000017
Nigeria,Katsina State,Danja,7.479053321311095,11.4083136,2.000900000000002
Nigeria,Katsina State,Daura,8.319388,13.035917,2.001000000000002
Nigeria,Katsina State,Dutsi,8.1429274,12.8254446,2.0011000000000023
Nigeria,Katsina State,Dutsin Ma,7.4957959,12.4546453,2.0012000000000025
Nigeria,Katsina State,Faskari,7.00619399986735,11.74027745,2.0013000000000027
Nigeria,Katsina State,Funtua,7.307497,11.5232142,2.001400000000003
Nigeria,Katsina State,Ingawa,8.044643929424364,12.64209065,2.001500000000003
Nigeria,Katsina State,Jibia,7.467752013130163,12.982695150000001,2.0016000000000034
Nigeria,Katsina State,Kafur,7.676912340435596,11.6734531,2.0017000000000036
Nigeria,Katsina State,Kaita,7.7409715,13.0843917,2.001800000000004
Nigeria,Katsina State,Kankara,7.407443733698002,11.914624,2.001900000000004
Nigeria,Katsina State,Kankia,7.7953998889183325,12.4289363,2.002000000000004
Nigeria,Katsina State,Katsina,7.6006278,12.9894283,2.0021000000000044
Nigeria,Katsina State,Kurfi,7.460675926287232,12.6891921,2.0022000000000046
Nigeria,Katsina State,Kusada,7.9777658,12.4647525,2.002300000000005
Nigeria,Katsina State,Mai'Adua,8.212968220192417,13.161061,2.002400000000005
Nigeria,Katsina State,Malumfashi,7.621753,11.785288,2.0025000000000053
Nigeria,Katsina State,Mani,7.888259823440251,12.84331425,2.0026000000000055
Nigeria,Katsina State,Mashi,7.963959192473447,12.95892735,2.0027000000000057
Nigeria,Katsina State,Matazu,7.674185,12.233938,2.002800000000006
Nigeria,Katsina State,Musawa,7.65238407219526,12.10265,2.002900000000006
Nigeria,Katsina State,Rimi,7.696459996206579,12.8442411,2.0030000000000063
Nigeria,Katsina State,Sabuwa,7.075489674248669,11.340138249999999,2.0031000000000065
Nigeria,Katsina State,Safana,7.735748583763533,12.70381265,2.0032000000000068
Nigeria,Katsina State,Sandamu,8.37197373253473,12.9486435,2.003300000000007
Nigeria,Katsina State,Zango,7.248863885437359,11.972022500000001,2.003400000000007
Nigeria,Kebbi,Aleiro,4.453195243411876,12.320311749999998,2.0001
Nigeria,Kebbi,Arewa Dandi,4.074757938717666,12.7215033,2.0002000000000004
Nigeria,Kebbi,Argungu,4.5266465,12.7477288,2.0003000000000006
Nigeria,Kebbi,Augie,4.629064947240981,12.901092949999999,2.000400000000001
Nigeria,Kebbi,Bagudo,4.2277586,11.4040393,2.000500000000001
Nigeria,Kebbi,Birnin Kebbi,4.2006114,12.4573462,2.0006000000000013
Nigeria,Kebbi,Bunza,4.0181345,12.0874215,2.0007000000000015
Nigeria,Kebbi,Dandi,3.7945764363759333,11.901967599999999,2.0008000000000017
Nigeria,Kebbi,Fakai,5.1125132,11.5085455,2.000900000000002
Nigeria,Kebbi,Gwandu,4.627794873242951,12.4893811,2.001000000000002
Nigeria,Kebbi,Jega,4.3775587,12.2250004,2.0011000000000023
Nigeria,Kebbi,Kalgo,4.2016729,12.3316145,2.0012000000000025
Nigeria,Kebbi,Koko-Besse,4.479387123141443,11.4355339,2.0013000000000027
Nigeria,Kebbi,Maiyama,4.3677034,12.0825973,2.001400000000003
Nigeria,Kebbi,Ngaski,4.842488848047366,10.37085325,2.001500000000003
Nigeria,Kebbi,Sakaba,5.5957362,11.0657355,2.0016000000000034
Nigeria,Kebbi,Shanga,4.642700690978996,11.209073,2.0017000000000036
Nigeria,Kebbi,Suru,4.182165,11.923972,2.001800000000004
Nigeria,Kebbi,Wasagu-Danko,5.746452549841939,11.38117415,2.001900000000004
Nigeria,Kebbi,Yauri,4.734334969175672,10.77690515,2.002000000000004
Nigeria,Kebbi,Zuru,5.2389338,11.4334349,2.0021000000000044
Nigeria,Kogi State,Adavi,6.4667074788060965,7.68441465,2.0001
Nigeria,Kogi State,Ajaokuta,6.6936392,7.4631568,2.0002000000000004
Nigeria,Kogi State,Ankpa,7.6280211,7.4063578,2.0003000000000006
Nigeria,Kogi State,Bassa,6.961064928865445,7.7467992,2.000400000000001
Nigeria,Kogi State,Dekina,7.0333153,7.6887069,2.000500000000001
Nigeria,Kogi State,Ibaji,6.759935446608314,6.79157185,2.0006000000000013
Nigeria,Kogi State,Idah,6.7340488,7.1099854,2.0007000000000015
Nigeria,Kogi State,Igalamela-Odolu,7.059106213066727,7.03541445,2.0008000000000017
Nigeria,Kogi State,Ijumu,5.895747404666862,7.842371,2.000900000000002
Nigeria,Kogi State,Kabba/Bunu,6.141418638966092,8.07009815,2.001000000000002
Nigeria,Kogi State,Kogi,6.855609504313039,8.1270318,2.0011000000000023
Nigeria,Kogi State,Lokoja,6.7430327,7.802355,2.0012000000000025
Nigeria,Kogi State,Mopa-Muro,5.8889260200909685,8.140445750000001,2.0013000000000027
Nigeria,Kogi State,Ofu,7.068971049937361,7.3294933,2.001400000000003
Nigeria,Kogi State,Ogori/Magongo,6.1558738694303905,7.4786734500000005,2.001500000000003
Nigeria,Kogi State,Okehi,6.356100253115201,7.73313455,2.0016000000000034
Nigeria,Kogi State,Okene,6.398817009039226,7.461039550000001,2.0017000000000036
Nigeria,Kogi State,Olamaboro,7.5133535057786025,7.16977665,2.001800000000004
Nigeria,Kogi State,Omala,7.565886300000329,7.777827950000001,2.001900000000004
Nigeria,Kogi State,Yagba East,5.7048150709835195,8.13475275,2.002000000000004
Nigeria,Kogi State,Yagba West,5.556420642697231,8.2763953,2.0021000000000044
Nigeria,Kwara State,Asa,4.442381499804297,8.41326505,2.0001
Nigeria,Kwara State,Baruten,3.480657539153882,9.384549,2.0002000000000004
Nigeria,Kwara State,Edu,5.212079172840301,8.845391750000001,2.0003000000000006
Nigeria,Kwara State,Ekiti,5.343855910217266,8.11201715,2.000400000000001
Nigeria,Kwara State,Ifelodun,5.17887760291553,8.632704749999998,2.000500000000001
Nigeria,Kwara State,Ilorin East,4.785398052725244,8.59327985,2.0006000000000013
Nigeria,Kwara State,Ilorin South,4.6894413601867075,8.4404502,2.0007000000000015
Nigeria,Kwara State,Ilorin West,4.513892773645063,8.4864338,2.0008000000000017
Nigeria,Kwara State,Irepodun,4.854945860794899,8.19357875,2.000900000000002
Nigeria,Kwara State,Isin,5.038849070678933,8.2579064,2.001000000000002
Nigeria,Kwara State,Kaiama,3.9414245,9.6099484,2.0011000000000023
Nigeria,Kwara State,Moro,4.515472249381954,8.8535638,2.0012000000000025
Nigeria,Kwara State,Offa,4.7227435,8.1560008,2.0013000000000027
Nigeria,Kwara State,Oke Ero,5.296435718110166,8.1803193,2.001400000000003
Nigeria,Kwara State,Oyun,4.631635446280292,8.19984915,2.001500000000003
Nigeria,Kwara State,Pategi,5.7576249,8.7281693,2.0016000000000034
Nigeria,Lagos,Agege,3.311209267702652,6.6252564,2.0001
Nigeria,Lagos,Ajeromi/Ifelodun,3.3359462518298724,6.455121699999999,2.0002000000000004
Nigeria,Lagos,Alimosho,3.257631097232365,6.58434295,2.0003000000000006
Nigeria,Lagos,Amuwo Odofin,3.2662797116825857,6.4470234,2.000400000000001
Nigeria,Lagos,Apapa,3.3683731679424094,6.445187000000001,2.000500000000001
Nigeria,Lagos,Badagry,2.9060324070376966,6.43932225,2.0006000000000013
Nigeria,Lagos,Epe,3.9753453,6.5858219,2.0007000000000015
Nigeria,Lagos,Eti Osa,3.53218066773601,6.4602312,2.0008000000000017
Nigeria,Lagos,Ibeju Lekki,3.8147502006869445,6.4711251,2.000900000000002
Nigeria,Lagos,Ifako/Ijaye,3.3215387538325833,6.6604360499999995,2.001000000000002
Nigeria,Lagos,Ikeja,3.340787,6.5960605,2.0011000000000023
Nigeria,Lagos,Ikorodu,3.5041271,6.6191233,2.0012000000000025
Nigeria,Lagos,Kosofe,3.4148359416178415,6.581974000000001,2.0013000000000027
Nigeria,Lagos,Mushin,3.3571405,6.526262,2.001400000000003
Nigeria,Lagos,Ojo,3.165706414364106,6.46249745,2.001500000000003
Nigeria,Lagos,Oshodi/Isolo,3.3124146026491035,6.5400100000000005,2.0016000000000034
Nigeria,Lagos,Shomolu,3.38416340600858,6.533564500000001,2.0017000000000036
Nigeria,Lagos,Surulere,3.353258726723983,6.487201450000001,2.001800000000004
Nigeria,Nasarawa State,Akwanga,8.4080322,8.9112888,2.0001
Nigeria,Nasarawa State,Awe,9.1463713,8.1118123,2.0002000000000004
Nigeria,Nasarawa State,Doma,8.33729347889155,8.15993355,2.0003000000000006
Nigeria,Nasarawa State,Karu,7.751225601625299,8.995007999999999,2.000400000000001
Nigeria,Nasarawa State,Keana,8.756026355062636,8.1726904,2.000500000000001
Nigeria,Nasarawa State,Keffi,7.876834,8.8453176,2.0006000000000013
Nigeria,Nasarawa State,Kokona,8.08336065838977,8.8461237,2.0007000000000015
Nigeria,Nasarawa State,Lafia,8.516667,8.483333,2.0008000000000017
Nigeria,Nasarawa State,Nasarawa,7.750258566299937,8.330112,2.000900000000002
Nigeria,Nasarawa State,Nasarawa Egon,8.471888017349086,8.72758815,2.001000000000002
Nigeria,Nasarawa State,Obi,8.75789094400396,8.3698344,2.0011000000000023
Nigeria,Nasarawa State,Toto,7.0797905,8.3862178,2.0012000000000025
Nigeria,Nasarawa State,Wamba,8.717056694182972,9.0034175,2.0013000000000027
Nigeria,Niger State,Agaie,6.3177613,9.0102795,2.0001
Nigeria,Niger State,Agwara,4.539417528677225,10.745301399999999,2.0002000000000004
Nigeria,Niger State,Bida,6.016667,9.083333,2.0003000000000006
Nigeria,Niger State,Borgu,4.092020592490975,10.1967653,2.000400000000001
Nigeria,Niger State,Bosso,6.346671569878886,9.60090825,2.000500000000001
Nigeria,Niger State,Chanchaga,6.583333,9.533333,2.0006000000000013
Nigeria,Niger State,Edati,5.999754848120109,8.963337450000001,2.0007000000000015
Nigeria,Niger State,Gbako,5.997371612556057,9.27903655,2.0008000000000017
Nigeria,Niger State,Gurara,7.031667453981063,9.3250486,2.000900000000002
Nigeria,Niger State,Katcha,6.311747,8.7617343,2.001000000000002
Nigeria,Niger State,Kontagora,5.4694905,10.399893,2.0011000000000023
Nigeria,Niger State,Lapai,6.716667,9.066667,2.0012000000000025
Nigeria,Niger State,Lavun,5.636692331807329,9.3823776,2.0013000000000027
Nigeria,Niger State,Magama,5.061088778404983,10.2990765,2.001400000000003
Nigeria,Niger State,Mariga,5.9649727,9.9179585,2.001500000000003
Nigeria,Niger State,Mashegu,5.239230389014169,9.81550455,2.0016000000000034
Nigeria,Niger State,Mokwa,5.0544281,9.2957202,2.0017000000000036
Nigeria,Niger State,Paikoro,6.837678578461804,9.49303915,2.001800000000004
Nigeria,Niger State,Rafi,6.207110156005469,10.2138948,2.001900000000004
Nigeria,Niger State,Rijau,5.2612531,11.1078532,2.002000000000004
Nigeria,Niger State,Shiroro,6.83326,9.956072,2.0021000000000044
Nigeria,Niger State,Suleja,7.187189747918152,9.20816565,2.0022000000000046
Nigeria,Niger State,Tafa,7.258775070454983,9.2379532,2.002300000000005
Nigeria,Niger State,Wushishi,5.910315277747708,9.711346599999999,2.002400000000005
Nigeria,Ogun State,Abeokuta North,3.201259205647169,7.23449515,2.0001
Nigeria,Ogun State,Abeokuta South,3.3644751940830018,7.15928935,2.0002000000000004
Nigeria,Ogun State,Ado Odo/Ota,3.0823072642902645,6.62447595,2.0003000000000006
Nigeria,Ogun State,Egbado North,2.9408573113173397,7.1260629,2.000400000000001
Nigeria,Ogun State,Egbado South,2.958357259504273,6.77780235,2.000500000000001
Nigeria,Ogun State,Ewekoro,3.1734405425983456,6.961698999999999,2.0006000000000013
Nigeria,Ogun State,Ifo,3.24155742988109,6.75629735,2.0007000000000015
Nigeria,Ogun State,Ijebu East,4.251257460630212,6.8181465,2.0008000000000017
Nigeria,Ogun State,Ijebu North,3.99145722833996,7.03213095,2.000900000000002
Nigeria,Ogun State,Ijebu North East,4.006867295349055,6.887079,2.001000000000002
Nigeria,Ogun State,Ijebu Ode,3.9151668,6.8140077,2.0011000000000023
Nigeria,Ogun State,Ikenne,3.6977468816454167,6.90100505,2.0012000000000025
Nigeria,Ogun State,Imeko Afon,2.860216231075362,7.66895115,2.0013000000000027
Nigeria,Ogun State,Ipokia,2.7533626,6.649518,2.001400000000003
Nigeria,Ogun State,Obafemi Owode,3.4444617483436986,6.92400835,2.001500000000003
Nigeria,Ogun State,Odeda,3.456458763198987,7.3122468000000005,2.0016000000000034
Nigeria,Ogun State,Odogbolu,3.814100281641317,6.8077001500000005,2.0017000000000036
Nigeria,Ogun State,Ogun Waterside,4.390369481668115,6.46083785,2.001800000000004
Nigeria,Ogun State,Remo North,3.71768040013041,6.9953921,2.001900000000004
Nigeria,Ogun State,Shagamu,3.6440551,6.8477165,2.002000000000004
Nigeria,Ondo State,Akoko North East,5.90422625372965,7.562587499999999,2.0001
Nigeria,Ondo State,Akoko North West,5.81474406950944,7.65017915,2.0002000000000004
Nigeria,Ondo State,Akoko South East,5.905060679828727,7.42249085,2.0003000000000006
Nigeria,Ondo State,Akoko South West,5.705641607609582,7.4008129,2.000400000000001
Nigeria,Ondo State,Akure North,5.314380499266439,7.2520757499999995,2.000500000000001
Nigeria,Ondo State,Akure South,5.167872722667031,7.22438455,2.0006000000000013
Nigeria,Ondo State,Ese Odo,4.953044220362573,6.230848099999999,2.0007000000000015
Nigeria,Ondo State,Idanre,5.1164416,7.109769,2.0008000000000017
Nigeria,Ondo State,Ifedore,5.110368124845809,7.3528421,2.000900000000002
Nigeria,Ondo State,Ilaje,4.75905575957919,6.19638205,2.001000000000002
Nigeria,Ondo State,Ile Oluji/Okeigbo,4.891326571472749,7.236932550000001,2.0011000000000023
Nigeria,Ondo State,Irele,4.8700171,6.4894071,2.0012000000000025
Nigeria,Ondo State,Odigbo,4.885166637855175,6.7318828,2.0013000000000027
Nigeria,Ondo State,Okitipupa,4.7839524,6.504748,2.001400000000003
Nigeria,Ondo State,Ondo East,4.962371206429317,7.06680495,2.001500000000003
Nigeria,Ondo State,Ondo West,4.768711120944029,7.03314665,2.0016000000000034
Nigeria,Ondo State,Ose,5.72865134362812,7.05101395,2.0017000000000036
Nigeria,Ondo State,Owo,5.5868016,7.1962012,2.001800000000004
Nigeria,Osun State,Aiyedade,4.3614140823103185,7.34451795,2.0001
Nigeria,Osun State,Aiyedire,4.216219883495097,7.57245105,2.0002000000000004
Nigeria,Osun State,Atakunmosa East,4.785932050585557,7.45221015,2.0003000000000006
Nigeria,Osun State,Atakunmosa West,4.678869135457796,7.4867096,2.000400000000001
Nigeria,Osun State,Boluwaduro,4.80922862554039,7.94664025,2.000500000000001
Nigeria,Osun State,Boripe,4.659446535737731,7.86220215,2.0006000000000013
Nigeria,Osun State,Ede North,4.473998070022581,7.7344181,2.0007000000000015
Nigeria,Osun State,Ede South,4.463691717278765,7.65920755,2.0008000000000017
Nigeria,Osun State,Egbedore,4.436297729823462,7.7874849,2.000900000000002
Nigeria,Osun State,Ejigbo,4.3167086,7.8999894,2.001000000000002
Nigeria,Osun State,Ife Central,4.528026945146403,7.54636905,2.0011000000000023
Nigeria,Osun State,Ife East,4.59959459961158,7.40341495,2.0012000000000025
Nigeria,Osun State,Ife North,4.452865817628522,7.27761555,2.0013000000000027
Nigeria,Osun State,Ife South,4.609975177651254,7.2248225,2.001400000000003
Nigeria,Osun State,Ifedayo,4.984806733325354,7.9618888000000005,2.001500000000003
Nigeria,Osun State,Ifelodun,4.637033839531609,7.90451645,2.0016000000000034
Nigeria,Osun State,Ila,4.666667,7.666667,2.0017000000000036
Nigeria,Osun State,Ilesha East,4.76269246316374,7.613081,2.001800000000004
Nigeria,Osun State,Ilesha West,4.716399446749385,7.6388128,2.001900000000004
Nigeria,Osun State,Irepodun,4.522231696595572,7.89548375,2.002000000000004
Nigeria,Osun State,Irewole,4.211292798367986,7.42335375,2.0021000000000044
Nigeria,Osun State,Isokan,4.197078309973235,7.2917009,2.0022000000000046
Nigeria,Osun State,Iwo,4.183333,7.633333,2.002300000000005
Nigeria,Osun State,Obokun,4.778145756035174,7.77440215,2.002400000000005
Nigeria,Osun State,Odo Otin,4.679048325069425,8.00744345,2.0025000000000053
Nigeria,Osun State,Ola Oluwa,4.199432168519866,7.7457420500000005,2.0026000000000055
Nigeria,Osun State,Olorunda,4.582128360065931,7.87344765,2.0027000000000057
Nigeria,Osun State,Oriade,4.867413075401172,7.5530772,2.002800000000006
Nigeria,Osun State,Orolu,4.473570633364785,7.903354950000001,2.002900000000006
Nigeria,Osun State,Osogbo,4.575044734945106,7.75832225,2.0030000000000063
Nigeria,Oyo State,Afijio,3.8965833157288534,7.747811049999999,2.0001
Nigeria,Oyo State,Akinyele,3.9162521,7.5978324,2.0002000000000004
Nigeria,Oyo State,Atiba,3.8685804390458687,8.235692499999999,2.0003000000000006
Nigeria,Oyo State,Atisbo,3.251587245035839,8.403148250000001,2.000400000000001
Nigeria,Oyo State,Egbeda,3.8340196,7.9609293,2.000500000000001
Nigeria,Oyo State,Ibadan North,3.9090595900204694,7.42110345,2.0006000000000013
Nigeria,Oyo State,Ibadan North East,3.9273483432755025,7.3939066,2.0007000000000015
Nigeria,Oyo State,Ibadan North West,3.8717884151139517,7.4028109,2.0008000000000017
Nigeria,Oyo State,Ibadan South East,3.903528862708936,7.355048,2.000900000000002
Nigeria,Oyo State,Ibadan South West,3.8590379450057544,7.3733705,2.001000000000002
Nigeria,Oyo State,Ibarapa Central,3.247704984452902,7.411516450000001,2.0011000000000023
Nigeria,Oyo State,Ibarapa East,3.4593620075627056,7.5840666500000005,2.0012000000000025
Nigeria,Oyo State,Ibarapa North,3.1731014489781906,7.64457465,2.0013000000000027
Nigeria,Oyo State,Ido,3.6978419912652893,7.5191533,2.001400000000003
Nigeria,Oyo State,Irepo,3.884951584969749,9.024608149999999,2.001500000000003
Nigeria,Oyo State,Iseyin,3.5956141,7.9710106,2.0016000000000034
Nigeria,Oyo State,Itesiwaju,3.5481982860888133,8.2107134,2.0017000000000036
Nigeria,Oyo State,Iwajowa,2.98873466669142,7.990133500000001,2.001800000000004
Nigeria,Oyo State,Kajola,3.3585942749999997,8.028532550000001,2.001900000000004
Nigeria,Oyo State,Lagelu,4.078903399551278,7.5116973,2.002000000000004
Nigeria,Oyo State,Ogbomosho North,4.26339168952482,8.1568787,2.0021000000000044
Nigeria,Oyo State,Ogbomosho South,4.237004228192205,8.074718,2.0022000000000046
Nigeria,Oyo State,Ogo Oluwa,4.180876231733722,7.9610822,2.002300000000005
Nigeria,Oyo State,Olorunsogo,4.060168921166712,8.7931509,2.002400000000005
Nigeria,Oyo State,Oluyole,3.8929962529818525,7.2195716,2.0025000000000053
Nigeria,Oyo State,Ona Ara,4.064947250919316,7.258710949999999,2.0026000000000055
Nigeria,Oyo State,Orelope,3.8019226560261554,8.7941346,2.0027000000000057
Nigeria,Oyo State,Ori Ire,4.203584765711993,8.3093052,2.002800000000006
Nigeria,Oyo State,Oyo East,4.028958153694858,7.87008105,2.002900000000006
Nigeria,Oyo State,Oyo West,3.8166314853392356,7.95719315,2.0030000000000063
Nigeria,Oyo State,Saki East,3.566449165789238,8.71125365,2.0031000000000065
Nigeria,Oyo State,Saki West,3.2050791622347345,8.6487861,2.0032000000000068
Nigeria,Oyo State,Surulere,4.414508812849524,8.09066245,2.003300000000007
Nigeria,Plateau State,Barkin Ladi,8.970077030109152,9.575489999999999,2.0001
Nigeria,Plateau State,Bassa,8.817864994890652,10.05617475,2.0002000000000004
Nigeria,Plateau State,Bokkos,8.894802402951752,9.2285352,2.0003000000000006
Nigeria,Plateau State,Jos East,9.134016436661367,9.872746,2.000400000000001
Nigeria,Plateau State,Jos North,8.892985163197897,9.942195850000001,2.000500000000001
Nigeria,Plateau State,Jos South,8.848780461155847,9.7587528,2.0006000000000013
Nigeria,Plateau State,Kanam,10.154530167477743,9.491138,2.0007000000000015
Nigeria,Plateau State,Kanke,9.639354933485457,9.367178899999999,2.0008000000000017
Nigeria,Plateau State,Langtang North,9.818724306403762,9.0494609,2.000900000000002
Nigeria,Plateau State,Langtang South,9.832994787118064,8.5842962,2.001000000000002
Nigeria,Plateau State,Mangu,9.181630173696401,9.36222935,2.0011000000000023
Nigeria,Plateau State,Mikang,9.554481273060158,9.0122647,2.0012000000000025
Nigeria,Plateau State,Pankshin,9.4414255,9.3285985,2.0013000000000027
Nigeria,Plateau State,Qua'An Pan,9.124481602004671,8.766416549999999,2.001400000000003
Nigeria,Plateau State,Riyom,8.766667,9.633249,2.001500000000003
Nigeria,Plateau State,Shendam,9.5396638,8.878179,2.0016000000000034
Nigeria,Plateau State,Wase,9.9580519,9.0952772,2.0017000000000036
Nigeria,Rivers State,Abua/Odual,6.560032827719285,4.84693955,2.0001
Nigeria,Rivers State,Ahoada East,6.642959979473343,5.0504985,2.0002000000000004
Nigeria,Rivers State,Ahoada West,6.513133964696992,5.04196595,2.0003000000000006
Nigeria,Rivers State,Akuku Toru,6.678670665142749,4.53362895,2.000400000000001
Nigeria,Rivers State,Andoni,7.407307242536977,4.5061458000000005,2.000500000000001
Nigeria,Rivers State,Asari-Toru,6.834832218320882,4.7529381,2.0006000000000013
Nigeria,Rivers State,Bonny,7.203465952746459,4.5057810499999995,2.0007000000000015
Nigeria,Rivers State,Degema,6.7680087,4.7579876,2.0008000000000017
Nigeria,Rivers State,Eleme,7.148448227532709,4.786104,2.000900000000002
Nigeria,Rivers State,Emuoha,6.763568631220181,5.0315990500000005,2.001000000000002
Nigeria,Rivers State,Etche,7.092638789196567,5.0765321,2.0011000000000023
Nigeria,Rivers State,Gokana,7.294484674317097,4.6578536,2.0012000000000025
Nigeria,Rivers State,Ikwerre,6.882004611347118,5.07051515,2.0013000000000027
Nigeria,Rivers State,Khana,7.437540599064871,4.6693695,2.001400000000003
Nigeria,Rivers State,Obio/Akpor,7.020215533605061,4.86630685,2.001500000000003
Nigeria,Rivers State,Ogba/Egbema/Ndoni,6.640917843681434,5.4512857,2.0016000000000034
Nigeria,Rivers State,Ogu Bolo,7.201701991644333,4.6742177,2.0017000000000036
Nigeria,Rivers State,Okrika,7.080727926636744,4.69166895,2.001800000000004
Nigeria,Rivers State,Omumma,7.235432028869598,5.09312035,2.001900000000004
Nigeria,Rivers State,Opobo/Nkoro,7.522647157947575,4.509114,2.002000000000004
Nigeria,Rivers State,Oyigbo,7.1334475,4.8814078,2.0021000000000044
Nigeria,Rivers State,Port-Harcourt,7.0188527,4.7676576,2.0022000000000046
Nigeria,Rivers State,Tai,7.261974961229366,4.769846449999999,2.002300000000005
Nigeria,Sokoto State,Binji,4.9095532,13.2227727,2.0001
Nigeria,Sokoto State,Bodinga,5.1463746,12.8442639,2.0002000000000004
Nigeria,Sokoto State,Dange-Shuni,5.419104692160527,12.82565415,2.0003000000000006
Nigeria,Sokoto State,Gada,5.6574918,13.7542229,2.000400000000001
Nigeria,Sokoto State,Goronyo,5.6738295,13.4400866,2.000500000000001
Nigeria,Sokoto State,Gudu,4.4512600888504235,13.4596132,2.0006000000000013
Nigeria,Sokoto State,Gwadabawa,5.236642,13.35612,2.0007000000000015
Nigeria,Sokoto State,Illela,5.2977259,13.7293137,2.0008000000000017
Nigeria,Sokoto State,Isa,6.4057228,13.202844,2.000900000000002
Nigeria,Sokoto State,Kebbe,4.7350925,12.128802,2.001000000000002
Nigeria,Sokoto State,Kware,5.2656419,13.2179417,2.0011000000000023
Nigeria,Sokoto State,Rabah,5.507414,13.121329,2.0012000000000025
Nigeria,Sokoto State,Sabon Birni,6.3250349,13.5609875,2.0013000000000027
Nigeria,Sokoto State,Shagari,4.992694,12.6275681,2.001400000000003
Nigeria,Sokoto State,Silame,4.8446327,13.0384129,2.001500000000003
Nigeria,Sokoto State,Sokoto North,5.23319846830032,13.066579099999998,2.0016000000000034
Nigeria,Sokoto State,Sokoto South,5.2629592028676555,13.03565,2.0017000000000036
Nigeria,Sokoto State,Tambuwal,4.658580981088164,12.38094635,2.001800000000004
Nigeria,Sokoto State,Tangaza,4.93822,13.3683734,2.001900000000004
Nigeria,Sokoto State,Tureta,5.5443963,12.5936444,2.002000000000004
Nigeria,Sokoto State,Wamako,5.1062018,13.0300216,2.0021000000000044
Nigeria,Sokoto State,Wurno,5.4232616,13.2877697,2.0022000000000046
Nigeria,Sokoto State,Yabo,4.928053446941808,12.77276975,2.002300000000005
Nigeria,Taraba State,Ardo-Kola,11.132519536742866,8.84709885,2.0001
Nigeria,Taraba State,Bali,10.9692666,7.859714,2.0002000000000004
Nigeria,Taraba State,Donga,10.0440735,7.7197122,2.0003000000000006
Nigeria,Taraba State,Gashaka,11.4848672,7.3664116,2.000400000000001
Nigeria,Taraba State,Gassol,10.4461097,8.5353585,2.000500000000001
Nigeria,Taraba State,Ibi,9.7472789,8.182155,2.0006000000000013
Nigeria,Taraba State,Jalingo,11.3644261,8.8945377,2.0007000000000015
Nigeria,Taraba State,Karim Lamido,11.1925669,9.3135012,2.0008000000000017
Nigeria,Taraba State,Kurmi,10.70140763278576,7.26433515,2.000900000000002
Nigeria,Taraba State,Lau,11.2757791,9.2074901,2.001000000000002
Nigeria,Taraba State,Sardauna,11.222928807052561,6.929532,2.0011000000000023
Nigeria,Taraba State,Takum,9.9852661,7.2549376,2.0012000000000025
Nigeria,Taraba State,Ussa,10.053587947846239,7.104081600000001,2.0013000000000027
Nigeria,Taraba State,Wukari,9.7775523,7.8705196,2.001400000000003
Nigeria,Taraba State,Yorro,11.506784376610817,8.880304800000001,2.001500000000003
Nigeria,Taraba State,Zing,11.76508282612897,8.85858015,2.0016000000000034
Nigeria,Yobe State,Machina,10.2517864,13.00127,2.0001
Nigeria,Yobe State,Nguru,10.4348938,12.8594636,2.0002000000000004
Nigeria,Yobe State,Potiskum,11.3697823,11.0941376,2.0003000000000006
Nigeria,Zamfara State,Anka,5.9242728,12.113814,2.0001
Nigeria,Zamfara State,Bakura,5.876667328436849,12.70366675,2.0002000000000004
Nigeria,Zamfara State,Birnin Magaji-Kiyaw,6.869485140778106,12.4719032,2.0003000000000006
Nigeria,Zamfara State,Bukkuyum,5.466486,12.137692,2.000400000000001
Nigeria,Zamfara State,Bungudu,6.5540361,12.2682321,2.000500000000001
Nigeria,Zamfara State,Gummi,5.1190173,12.1428755,2.0006000000000013
Nigeria,Zamfara State,Gusau,6.6606398,12.1658358,2.0007000000000015
Nigeria,Zamfara State,Kaura Namoda,6.5860718,12.5941248,2.0008000000000017
Nigeria,Zamfara State,Maradun,6.2461535,12.5697201,2.000900000000002
Nigeria,Zamfara State,Maru,6.4056856,12.3341665,2.001000000000002
Nigeria,Zamfara State,Shinkafi,6.510465,13.075339,2.0011000000000023
Nigeria,Zamfara State,Talata Mafara,6.082583087838858,12.3990101,2.0012000000000025
Nigeria,Zamfara State,Tsafe,6.904243258015785,11.823444550000001,2.0013000000000027
Nigeria,Zamfara State,Zurmi,6.7834006,12.777604,2.001400000000003
